TableID,Column1ID,Column2ID,PropertyID
IUPOCN5C,0,1,https://www.wikidata.org/wiki/P31
IUPOCN5C,0,2,https://www.wikidata.org/wiki/P31
BQC7DZZR,0,1,https://www.wikidata.org/wiki/P31
BQC7DZZR,0,2,https://www.wikidata.org/wiki/P31
C8RTQNU5,0,1,https://www.wikidata.org/wiki/P31
C8RTQNU5,0,2,https://www.wikidata.org/wiki/P31
JKS5KAJR,0,1,https://www.wikidata.org/wiki/P31
JKS5KAJR,0,2,https://www.wikidata.org/wiki/P31
FZAS3QBH,0,1,https://www.wikidata.org/wiki/P31
FZAS3QBH,0,2,https://www.wikidata.org/wiki/P31
C3SOO0DD,0,1,https://www.wikidata.org/wiki/P31
C3SOO0DD,0,2,https://www.wikidata.org/wiki/P31
K4A0E0QL,0,1,https://www.wikidata.org/wiki/P31
K4A0E0QL,0,2,https://www.wikidata.org/wiki/P31
K4A0E0QL,0,3,https://www.wikidata.org/wiki/P31
9BGB7SWG,0,1,https://www.wikidata.org/wiki/P31
9BGB7SWG,0,2,https://www.wikidata.org/wiki/P31
NBR61LS1,0,1,https://www.wikidata.org/wiki/P31
NBR61LS1,0,2,https://www.wikidata.org/wiki/P31
R9VI0ZU0,0,1,https://www.wikidata.org/wiki/P31
9155JW8C,0,1,https://www.wikidata.org/wiki/P31
TF13GBS9,0,1,https://www.wikidata.org/wiki/P31
BGMLF9DR,0,1,https://www.wikidata.org/wiki/P31
DOK169HR,0,1,https://www.wikidata.org/wiki/P31
7H4WB3MC,0,1,https://www.wikidata.org/wiki/P31
ATPHR1DK,0,1,https://www.wikidata.org/wiki/P31
AW4BZJGK,0,1,https://www.wikidata.org/wiki/P31
3S53OZSF,0,1,https://www.wikidata.org/wiki/P31
8GEH7ZRY,0,1,https://www.wikidata.org/wiki/P31
2AX6EPDA,0,1,https://www.wikidata.org/wiki/P31
DLGFQQT7,0,2,https://www.wikidata.org/wiki/P31
DLGFQQT7,0,1,https://www.wikidata.org/wiki/P31
DLGFQQT7,0,3,https://www.wikidata.org/wiki/P31
10NIEV07,0,2,https://www.wikidata.org/wiki/P31
10NIEV07,0,1,https://www.wikidata.org/wiki/P31
10NIEV07,0,3,https://www.wikidata.org/wiki/P31
8UHQ8NMW,0,2,https://www.wikidata.org/wiki/P31
8UHQ8NMW,0,1,https://www.wikidata.org/wiki/P31
8UHQ8NMW,0,3,https://www.wikidata.org/wiki/P31
MBGIUSUY,0,2,https://www.wikidata.org/wiki/P31
MBGIUSUY,0,1,https://www.wikidata.org/wiki/P31
MBGIUSUY,0,3,https://www.wikidata.org/wiki/P31
6RTGWWDZ,0,2,https://www.wikidata.org/wiki/P31
6RTGWWDZ,0,1,https://www.wikidata.org/wiki/P31
XT6VVCAV,0,2,https://www.wikidata.org/wiki/P31
XT6VVCAV,0,1,https://www.wikidata.org/wiki/P31
P9XT0D3W,0,2,https://www.wikidata.org/wiki/P31
P9XT0D3W,0,1,https://www.wikidata.org/wiki/P31
GPENFXWP,0,2,https://www.wikidata.org/wiki/P31
GPENFXWP,0,1,https://www.wikidata.org/wiki/P31
2SAD93QZ,0,2,https://www.wikidata.org/wiki/P31
2SAD93QZ,0,1,https://www.wikidata.org/wiki/P31
HMVJ3GQE,0,2,https://www.wikidata.org/wiki/P31
HMVJ3GQE,0,1,https://www.wikidata.org/wiki/P31
39DKHTFY,0,1,https://www.wikidata.org/wiki/P31
LMOJJ5LT,0,1,https://www.wikidata.org/wiki/P31
LMOJJ5LT,0,2,https://www.wikidata.org/wiki/P31
W718J2VB,0,1,https://www.wikidata.org/wiki/P31
K30ENNC8,0,1,https://www.wikidata.org/wiki/P31
OYY5QFUQ,0,1,https://www.wikidata.org/wiki/P31
5BBSZ3DP,0,1,https://www.wikidata.org/wiki/P31
QNEWRIPI,0,1,https://www.wikidata.org/wiki/P31
ZMH90F01,0,1,https://www.wikidata.org/wiki/P31
6W4T0PHG,0,1,https://www.wikidata.org/wiki/P31
2SLP036H,0,1,https://www.wikidata.org/wiki/P31
RESSHCFK,0,1,https://www.wikidata.org/wiki/P31
EJGKPNHP,0,1,https://www.wikidata.org/wiki/P31
RNUTTGR6,0,1,https://www.wikidata.org/wiki/P31
JG29EIGN,0,1,https://www.wikidata.org/wiki/P31
JG29EIGN,0,2,https://www.wikidata.org/wiki/P31
V5YN6MU4,0,1,https://www.wikidata.org/wiki/P31
V5YN6MU4,0,2,https://www.wikidata.org/wiki/P31
ZAWYCL88,0,1,https://www.wikidata.org/wiki/P31
N59ZOEEM,0,1,https://www.wikidata.org/wiki/P31
74EWSF9F,0,1,https://www.wikidata.org/wiki/P31
UTBAT3T8,0,1,https://www.wikidata.org/wiki/P31
KTOJ2CH9,0,1,https://www.wikidata.org/wiki/P31
TVK488S0,0,1,https://www.wikidata.org/wiki/P31
10BWA0TL,0,1,https://www.wikidata.org/wiki/P31
K0GLR5JP,0,1,https://www.wikidata.org/wiki/P31
9015OF17,0,1,https://www.wikidata.org/wiki/P31
SK380FJC,0,1,https://www.wikidata.org/wiki/P31
8ENL8V6N,0,1,https://www.wikidata.org/wiki/P31
8ENL8V6N,0,2,https://www.wikidata.org/wiki/P31
H5XHPI0F,0,1,https://www.wikidata.org/wiki/P31
H5XHPI0F,0,2,https://www.wikidata.org/wiki/P31
7L3MPSJV,0,1,https://www.wikidata.org/wiki/P31
7L3MPSJV,0,2,https://www.wikidata.org/wiki/P31
STDHV4DP,0,1,https://www.wikidata.org/wiki/P31
STDHV4DP,0,2,https://www.wikidata.org/wiki/P31
2KSWHXRR,0,1,https://www.wikidata.org/wiki/P31
NLNHHO6C,0,1,https://www.wikidata.org/wiki/P31
HA2UB096,0,1,https://www.wikidata.org/wiki/P31
PFU2O7B0,0,1,https://www.wikidata.org/wiki/P31
Y3OHOKFF,0,1,https://www.wikidata.org/wiki/P31
Y3OHOKFF,0,2,https://www.wikidata.org/wiki/P31
UZEGFZUW,0,1,https://www.wikidata.org/wiki/P31
MDLMJD0W,0,1,https://www.wikidata.org/wiki/P31
OIK1GY47,0,1,https://www.wikidata.org/wiki/P31
OIK1GY47,0,2,https://www.wikidata.org/wiki/P31
OIK1GY47,0,3,https://www.wikidata.org/wiki/P31
OYFA7N5G,0,1,https://www.wikidata.org/wiki/P31
OYFA7N5G,0,2,https://www.wikidata.org/wiki/P31
OYFA7N5G,0,3,https://www.wikidata.org/wiki/P31
X1KVGKMI,0,1,https://www.wikidata.org/wiki/P31
X1KVGKMI,0,2,https://www.wikidata.org/wiki/P31
X1KVGKMI,0,3,https://www.wikidata.org/wiki/P31
MNBDFOK9,0,1,https://www.wikidata.org/wiki/P31
0JGLUKC7,0,1,https://www.wikidata.org/wiki/P31
AMHYZTM9,0,1,https://www.wikidata.org/wiki/P31
HNEFY0WJ,0,1,https://www.wikidata.org/wiki/P31
B72Q14SI,0,1,https://www.wikidata.org/wiki/P31
UN5G44P4,0,1,https://www.wikidata.org/wiki/P31
1P13VPP7,0,1,https://www.wikidata.org/wiki/P31
QN3CDMMP,0,1,https://www.wikidata.org/wiki/P31
WEABZLPX,0,1,https://www.wikidata.org/wiki/P31
9TZLWYCL,0,1,https://www.wikidata.org/wiki/P31
YRSQJEIL,0,1,https://www.wikidata.org/wiki/P31
7E95YXCI,0,1,https://www.wikidata.org/wiki/P31
7E95YXCI,0,2,https://www.wikidata.org/wiki/P31
5PLSHCFK,0,1,https://www.wikidata.org/wiki/P31
5PLSHCFK,0,2,https://www.wikidata.org/wiki/P31
KCU5BNBL,0,1,https://www.wikidata.org/wiki/P31
O4EZMN2A,0,1,https://www.wikidata.org/wiki/P31
UGGRXHFK,0,1,https://www.wikidata.org/wiki/P31
1V4KDGGZ,0,1,https://www.wikidata.org/wiki/P31
1V4KDGGZ,0,2,https://www.wikidata.org/wiki/P31
1V4KDGGZ,0,3,https://www.wikidata.org/wiki/P31
S9BMP4TY,0,1,https://www.wikidata.org/wiki/P31
S9BMP4TY,0,2,https://www.wikidata.org/wiki/P31
EB6IPBQ8,0,1,https://www.wikidata.org/wiki/P31
KPFFDB6X,0,1,https://www.wikidata.org/wiki/P31
KPFFDB6X,0,2,https://www.wikidata.org/wiki/P31
WW0HANTJ,0,1,https://www.wikidata.org/wiki/P31
WW0HANTJ,0,2,https://www.wikidata.org/wiki/P31
ZDXHC5ZH,0,1,https://www.wikidata.org/wiki/P31
ZDXHC5ZH,0,2,https://www.wikidata.org/wiki/P31
85EJHM3S,0,1,https://www.wikidata.org/wiki/P31
JLGMC2GZ,0,1,https://www.wikidata.org/wiki/P31
OU76FU99,0,1,https://www.wikidata.org/wiki/P31
OU76FU99,0,2,https://www.wikidata.org/wiki/P31
OU76FU99,0,3,https://www.wikidata.org/wiki/P31
GAY4RNCD,0,1,https://www.wikidata.org/wiki/P31
GAY4RNCD,0,2,https://www.wikidata.org/wiki/P31
GAY4RNCD,0,3,https://www.wikidata.org/wiki/P31
81HTFO0W,0,1,https://www.wikidata.org/wiki/P31
81HTFO0W,0,2,https://www.wikidata.org/wiki/P31
81HTFO0W,0,3,https://www.wikidata.org/wiki/P31
37O08NT0,0,1,https://www.wikidata.org/wiki/P31
37O08NT0,0,2,https://www.wikidata.org/wiki/P31
37O08NT0,0,3,https://www.wikidata.org/wiki/P31
54ZDXWQJ,0,1,https://www.wikidata.org/wiki/P31
54ZDXWQJ,0,2,https://www.wikidata.org/wiki/P31
54ZDXWQJ,0,3,https://www.wikidata.org/wiki/P31
SX43HNFG,0,1,https://www.wikidata.org/wiki/P31
SX43HNFG,0,2,https://www.wikidata.org/wiki/P31
SX43HNFG,0,3,https://www.wikidata.org/wiki/P31
YRQP7ZQC,0,1,https://www.wikidata.org/wiki/P31
5FQG9W2C,0,1,https://www.wikidata.org/wiki/P31
ZWGLJS7X,0,1,https://www.wikidata.org/wiki/P31
ZWGLJS7X,0,2,https://www.wikidata.org/wiki/P31
3X518GM9,0,1,https://www.wikidata.org/wiki/P31
7S6G8DCY,0,1,https://www.wikidata.org/wiki/P31
SR5UQHNJ,0,1,https://www.wikidata.org/wiki/P31
ISWA7D13,0,1,https://www.wikidata.org/wiki/P31
WRSATFQO,0,1,https://www.wikidata.org/wiki/P31
5ARFKJBD,0,1,https://www.wikidata.org/wiki/P31
NYF7RD9C,0,1,https://www.wikidata.org/wiki/P31
FYE84TM8,0,1,https://www.wikidata.org/wiki/P31
9TIHF9B6,0,1,https://www.wikidata.org/wiki/P31
Z08J73NC,0,1,https://www.wikidata.org/wiki/P31
EEQ0K4CX,0,1,https://www.wikidata.org/wiki/P31
7UWKK70Q,0,1,https://www.wikidata.org/wiki/P31
OT39F277,0,1,https://www.wikidata.org/wiki/P31
16WN39MK,0,1,https://www.wikidata.org/wiki/P31
DOQV03WN,0,1,https://www.wikidata.org/wiki/P31
4ZSVT7WB,0,1,https://www.wikidata.org/wiki/P31
O7EV0JL2,0,1,https://www.wikidata.org/wiki/P31
PHLND4CO,0,1,https://www.wikidata.org/wiki/P31
D58GW2X4,0,1,https://www.wikidata.org/wiki/P31
8SF4PGAN,0,1,https://www.wikidata.org/wiki/P31
AXRCO4PA,0,1,https://www.wikidata.org/wiki/P31
UXYOTA4P,0,1,https://www.wikidata.org/wiki/P31
UXYOTA4P,0,2,https://www.wikidata.org/wiki/P31
904Y3ZUQ,0,1,https://www.wikidata.org/wiki/P31
904Y3ZUQ,0,2,https://www.wikidata.org/wiki/P31
CAQ97NU8,0,1,https://www.wikidata.org/wiki/P31
U0N59CWM,0,1,https://www.wikidata.org/wiki/P31
9ETOKU95,0,1,https://www.wikidata.org/wiki/P31
9ETOKU95,0,2,https://www.wikidata.org/wiki/P31
G826T3H0,0,1,https://www.wikidata.org/wiki/P31
EYSEG1DW,0,3,https://www.wikidata.org/wiki/P31
EYSEG1DW,0,1,https://www.wikidata.org/wiki/P31
EYSEG1DW,0,2,https://www.wikidata.org/wiki/P31
Z6QJXJF5,0,1,https://www.wikidata.org/wiki/P31
0JLTIHOL,0,1,https://www.wikidata.org/wiki/P31
8I2R4Y25,0,1,https://www.wikidata.org/wiki/P31
8I2R4Y25,0,2,https://www.wikidata.org/wiki/P31
SPIZOSW1,0,1,https://www.wikidata.org/wiki/P31
SPIZOSW1,0,2,https://www.wikidata.org/wiki/P31
IN3NQZ9O,0,1,https://www.wikidata.org/wiki/P31
IQD4QG2M,0,1,https://www.wikidata.org/wiki/P31
28LTVSGN,0,1,https://www.wikidata.org/wiki/P31
BAJ5LMX3,0,1,https://www.wikidata.org/wiki/P31
4ZVYC7IO,0,1,https://www.wikidata.org/wiki/P31
OL0GBCAH,0,1,https://www.wikidata.org/wiki/P31
9BNGDWFI,0,1,https://www.wikidata.org/wiki/P31
MRQQ6DAY,0,1,https://www.wikidata.org/wiki/P31
22RW4XSQ,0,1,https://www.wikidata.org/wiki/P31
DXW1TVVD,0,1,https://www.wikidata.org/wiki/P31
T6T2RBKQ,0,1,https://www.wikidata.org/wiki/P31
T3HZNAH7,0,1,https://www.wikidata.org/wiki/P31
T3HZNAH7,0,2,https://www.wikidata.org/wiki/P31
JVLBTWRN,0,1,https://www.wikidata.org/wiki/P31
JVLBTWRN,0,2,https://www.wikidata.org/wiki/P31
W979BFV0,0,1,https://www.wikidata.org/wiki/P31
W979BFV0,0,2,https://www.wikidata.org/wiki/P31
NGWGFKDP,0,1,https://www.wikidata.org/wiki/P31
NGWGFKDP,0,2,https://www.wikidata.org/wiki/P31
GKD3ETCU,0,1,https://www.wikidata.org/wiki/P31
8TQM6CS0,0,1,https://www.wikidata.org/wiki/P31
8TQM6CS0,0,2,https://www.wikidata.org/wiki/P31
E6U5C7Q9,0,1,https://www.wikidata.org/wiki/P31
E6U5C7Q9,0,2,https://www.wikidata.org/wiki/P31
EQ3NPLBF,0,1,https://www.wikidata.org/wiki/P31
4FHF16G2,0,1,https://www.wikidata.org/wiki/P31
8957GCS9,0,1,https://www.wikidata.org/wiki/P31
7T1GGN8Y,0,1,https://www.wikidata.org/wiki/P31
9M04ISUI,0,1,https://www.wikidata.org/wiki/P31
TY5S6P04,0,1,https://www.wikidata.org/wiki/P31
SGHFGF16,0,1,https://www.wikidata.org/wiki/P31
SGHFGF16,0,2,https://www.wikidata.org/wiki/P31
RO0K6ISA,0,1,https://www.wikidata.org/wiki/P31
RO0K6ISA,0,2,https://www.wikidata.org/wiki/P31
R9KK199W,0,1,https://www.wikidata.org/wiki/P31
R9KK199W,0,2,https://www.wikidata.org/wiki/P31
R9KK199W,0,3,https://www.wikidata.org/wiki/P31
GMMIPL1X,0,1,https://www.wikidata.org/wiki/P31
GMMIPL1X,0,2,https://www.wikidata.org/wiki/P31
GMMIPL1X,0,3,https://www.wikidata.org/wiki/P31
2JE2A69L,0,1,https://www.wikidata.org/wiki/P31
29PJJKO1,0,1,https://www.wikidata.org/wiki/P31
PKM9UZ3V,0,1,https://www.wikidata.org/wiki/P31
6G957XWT,0,1,https://www.wikidata.org/wiki/P31
KJBUUEBJ,0,1,https://www.wikidata.org/wiki/P31
ECTUBJYE,0,1,https://www.wikidata.org/wiki/P31
ECTUBJYE,0,2,https://www.wikidata.org/wiki/P31
28NX4BKN,0,1,https://www.wikidata.org/wiki/P31
UH3DDA1B,0,1,https://www.wikidata.org/wiki/P31
UH3DDA1B,0,2,https://www.wikidata.org/wiki/P31
UH7YFZP7,0,1,https://www.wikidata.org/wiki/P31
UH7YFZP7,0,2,https://www.wikidata.org/wiki/P31
IIK4XMPE,0,2,https://www.wikidata.org/wiki/P31
IIK4XMPE,0,1,https://www.wikidata.org/wiki/P31
PBWV7IYP,0,1,https://www.wikidata.org/wiki/P31
PBWV7IYP,0,3,https://www.wikidata.org/wiki/P31
PBWV7IYP,0,2,https://www.wikidata.org/wiki/P31
IB74N7B3,0,2,https://www.wikidata.org/wiki/P31
IB74N7B3,0,1,https://www.wikidata.org/wiki/P31
SLTJQ2PO,0,1,https://www.wikidata.org/wiki/P31
J9I9G055,0,1,https://www.wikidata.org/wiki/P31
BDWQF2CN,0,1,https://www.wikidata.org/wiki/P31
EBY2M2ZM,0,1,https://www.wikidata.org/wiki/P31
KMPOKVY1,0,1,https://www.wikidata.org/wiki/P31
5HWE1O04,0,1,https://www.wikidata.org/wiki/P31
O7Q74WJK,0,1,https://www.wikidata.org/wiki/P31
7JH2LJJO,0,1,https://www.wikidata.org/wiki/P31
JFS0L9UO,0,1,https://www.wikidata.org/wiki/P31
YHUQWIBT,0,1,https://www.wikidata.org/wiki/P31
W26YREMI,0,1,https://www.wikidata.org/wiki/P31
B7CMZH09,0,1,https://www.wikidata.org/wiki/P31
B7CMZH09,0,2,https://www.wikidata.org/wiki/P31
1S6DNZQZ,0,1,https://www.wikidata.org/wiki/P31
6WQ0WPPJ,0,1,https://www.wikidata.org/wiki/P31
6WQ0WPPJ,0,3,https://www.wikidata.org/wiki/P31
M82KAGLH,0,1,https://www.wikidata.org/wiki/P31
VA0YBXBK,0,1,https://www.wikidata.org/wiki/P31
ONX98YWT,0,1,https://www.wikidata.org/wiki/P31
UMHMJS12,0,1,https://www.wikidata.org/wiki/P31
BOZ91V5W,0,1,https://www.wikidata.org/wiki/P31
O65AQ2CP,0,1,https://www.wikidata.org/wiki/P31
491H44F5,0,1,https://www.wikidata.org/wiki/P31
Y4OS3SBS,0,1,https://www.wikidata.org/wiki/P31
T59BU7WI,0,1,https://www.wikidata.org/wiki/P31
UA25BKIA,0,1,https://www.wikidata.org/wiki/P31
DHAYGA5Z,0,1,https://www.wikidata.org/wiki/P31
UB6GQXMK,0,1,https://www.wikidata.org/wiki/P31
UB6GQXMK,0,2,https://www.wikidata.org/wiki/P31
3PP6R2LE,0,1,https://www.wikidata.org/wiki/P31
3PP6R2LE,0,2,https://www.wikidata.org/wiki/P31
9A1EFUVW,0,1,https://www.wikidata.org/wiki/P31
9A1EFUVW,0,2,https://www.wikidata.org/wiki/P31
CPLC7VA2,0,1,https://www.wikidata.org/wiki/P31
CPLC7VA2,0,2,https://www.wikidata.org/wiki/P31
17ZWOR3H,0,1,https://www.wikidata.org/wiki/P31
17ZWOR3H,0,2,https://www.wikidata.org/wiki/P31
APCNE261,0,1,https://www.wikidata.org/wiki/P31
2CRZ98JZ,0,1,https://www.wikidata.org/wiki/P31
0DYQDSCY,0,1,https://www.wikidata.org/wiki/P31
77ORCV06,0,1,https://www.wikidata.org/wiki/P31
7IIHLSVO,0,1,https://www.wikidata.org/wiki/P31
7IIHLSVO,0,2,https://www.wikidata.org/wiki/P31
7IIHLSVO,0,3,https://www.wikidata.org/wiki/P31
SN7TP22R,0,1,https://www.wikidata.org/wiki/P31
U8FOK5KF,0,1,https://www.wikidata.org/wiki/P31
V8A0M0E6,0,1,https://www.wikidata.org/wiki/P31
GC9TJRGR,0,1,https://www.wikidata.org/wiki/P31
OI5WL9NL,0,1,https://www.wikidata.org/wiki/P31
K59PAB3W,0,1,https://www.wikidata.org/wiki/P31
72GRNXHZ,0,1,https://www.wikidata.org/wiki/P31
DX61IAVC,0,1,https://www.wikidata.org/wiki/P31
A6CTD3GV,0,1,https://www.wikidata.org/wiki/P31
EJSGTM14,0,1,https://www.wikidata.org/wiki/P31
EJSGTM14,0,2,https://www.wikidata.org/wiki/P31
XZ049VK7,0,1,https://www.wikidata.org/wiki/P31
XZ049VK7,0,2,https://www.wikidata.org/wiki/P31
R7HQ3B55,0,1,https://www.wikidata.org/wiki/P31
R7HQ3B55,0,2,https://www.wikidata.org/wiki/P31
S445164I,0,1,https://www.wikidata.org/wiki/P31
WELOMUE9,0,1,https://www.wikidata.org/wiki/P31
GM2MDEJG,0,2,https://www.wikidata.org/wiki/P31
GM2MDEJG,0,1,https://www.wikidata.org/wiki/P31
LKUSI4AC,0,1,https://www.wikidata.org/wiki/P31
LKUSI4AC,0,2,https://www.wikidata.org/wiki/P31
6XK7QOO7,0,1,https://www.wikidata.org/wiki/P31
6XK7QOO7,0,2,https://www.wikidata.org/wiki/P31
JOPG8K01,0,1,https://www.wikidata.org/wiki/P31
NH9DTQTT,0,1,https://www.wikidata.org/wiki/P31
UYH8B1UU,0,1,https://www.wikidata.org/wiki/P31
UYH8B1UU,0,2,https://www.wikidata.org/wiki/P31
UYH8B1UU,0,3,https://www.wikidata.org/wiki/P31
0N5SQTLA,0,1,https://www.wikidata.org/wiki/P31
6H4X23IR,0,1,https://www.wikidata.org/wiki/P31
FWTZZJJ0,0,1,https://www.wikidata.org/wiki/P31
D2KP1VW5,0,1,https://www.wikidata.org/wiki/P31
DOPZR1AV,0,1,https://www.wikidata.org/wiki/P31
DOPZR1AV,0,2,https://www.wikidata.org/wiki/P31
MIAQQX7T,0,1,https://www.wikidata.org/wiki/P31
MIAQQX7T,0,2,https://www.wikidata.org/wiki/P31
IX2KNK5E,0,1,https://www.wikidata.org/wiki/P31
IX2KNK5E,0,2,https://www.wikidata.org/wiki/P31
IX2KNK5E,0,3,https://www.wikidata.org/wiki/P31
VG8CT8R9,0,1,https://www.wikidata.org/wiki/P31
VG8CT8R9,0,2,https://www.wikidata.org/wiki/P31
VG8CT8R9,0,3,https://www.wikidata.org/wiki/P31
C2JOFRNE,0,1,https://www.wikidata.org/wiki/P31
C2JOFRNE,0,2,https://www.wikidata.org/wiki/P31
C2JOFRNE,0,3,https://www.wikidata.org/wiki/P31
FCF2NZA6,0,1,https://www.wikidata.org/wiki/P31
1KXJTLWQ,0,1,https://www.wikidata.org/wiki/P31
JU42PL33,0,1,https://www.wikidata.org/wiki/P31
USNAECP7,0,1,https://www.wikidata.org/wiki/P31
USNAECP7,0,2,https://www.wikidata.org/wiki/P31
PHMCQD1C,0,1,https://www.wikidata.org/wiki/P31
PHMCQD1C,0,2,https://www.wikidata.org/wiki/P31
A4RTCNH4,0,1,https://www.wikidata.org/wiki/P31
839DELW3,0,1,https://www.wikidata.org/wiki/P31
FZ1TFIZH,0,1,https://www.wikidata.org/wiki/P31
4OFNP890,0,1,https://www.wikidata.org/wiki/P31
4OFNP890,0,2,https://www.wikidata.org/wiki/P31
YSP9M89A,0,1,https://www.wikidata.org/wiki/P31
YSP9M89A,0,2,https://www.wikidata.org/wiki/P31
SIX64NZA,0,1,https://www.wikidata.org/wiki/P31
SIX64NZA,0,2,https://www.wikidata.org/wiki/P31
Y51SJVL4,0,1,https://www.wikidata.org/wiki/P31
Y51SJVL4,0,2,https://www.wikidata.org/wiki/P31
RA68EQL6,0,1,https://www.wikidata.org/wiki/P31
RA68EQL6,0,2,https://www.wikidata.org/wiki/P31
6ZC8CBT4,0,1,https://www.wikidata.org/wiki/P31
6ZC8CBT4,0,2,https://www.wikidata.org/wiki/P31
6ZC8CBT4,0,3,https://www.wikidata.org/wiki/P31
QRL8IVBH,0,1,https://www.wikidata.org/wiki/P31
VRL33PFO,0,1,https://www.wikidata.org/wiki/P31
65VIPZJW,0,1,https://www.wikidata.org/wiki/P31
NC182RFQ,0,1,https://www.wikidata.org/wiki/P31
VXT929LJ,0,1,https://www.wikidata.org/wiki/P31
IUUG1F7D,0,1,https://www.wikidata.org/wiki/P31
TFHQ0BAH,0,1,https://www.wikidata.org/wiki/P31
FEFM0QZO,0,1,https://www.wikidata.org/wiki/P31
YBAD72I5,0,1,https://www.wikidata.org/wiki/P31
9MTXTSCI,0,1,https://www.wikidata.org/wiki/P31
0LBWW5L4,0,1,https://www.wikidata.org/wiki/P31
BNVC2RFR,0,1,https://www.wikidata.org/wiki/P31
CGJ2J2Z7,0,1,https://www.wikidata.org/wiki/P31
UEWS4EQU,0,1,https://www.wikidata.org/wiki/P31
QZ2RQRCD,0,1,https://www.wikidata.org/wiki/P31
QZ2RQRCD,0,2,https://www.wikidata.org/wiki/P31
0CZW7M0F,0,1,https://www.wikidata.org/wiki/P31
VUYC1R66,0,1,https://www.wikidata.org/wiki/P31
VUYC1R66,0,2,https://www.wikidata.org/wiki/P31
OOZGFTPC,0,1,https://www.wikidata.org/wiki/P31
OOZGFTPC,0,2,https://www.wikidata.org/wiki/P31
LLNNJKBL,0,1,https://www.wikidata.org/wiki/P31
LLNNJKBL,0,2,https://www.wikidata.org/wiki/P31
5YIWU8K8,0,1,https://www.wikidata.org/wiki/P31
5YIWU8K8,0,2,https://www.wikidata.org/wiki/P31
H2CO4YDK,0,1,https://www.wikidata.org/wiki/P31
H2CO4YDK,0,2,https://www.wikidata.org/wiki/P31
KK0ID5TS,0,1,https://www.wikidata.org/wiki/P31
CZAKIUMO,0,1,https://www.wikidata.org/wiki/P31
DGHR5ZHM,0,1,https://www.wikidata.org/wiki/P31
DGHR5ZHM,0,2,https://www.wikidata.org/wiki/P31
4N1WS49F,0,1,https://www.wikidata.org/wiki/P31
4N1WS49F,0,2,https://www.wikidata.org/wiki/P31
XP0KPX7L,0,1,https://www.wikidata.org/wiki/P31
XP0KPX7L,0,2,https://www.wikidata.org/wiki/P31
UCLA48FC,0,1,https://www.wikidata.org/wiki/P31
UCLA48FC,0,2,https://www.wikidata.org/wiki/P31
VRBSYZH8,0,1,https://www.wikidata.org/wiki/P31
VRBSYZH8,0,2,https://www.wikidata.org/wiki/P31
8RA0YH6B,0,1,https://www.wikidata.org/wiki/P31
8RA0YH6B,0,2,https://www.wikidata.org/wiki/P31
8RA0YH6B,0,3,https://www.wikidata.org/wiki/P31
I9KX15DX,0,1,https://www.wikidata.org/wiki/P31
I9KX15DX,0,2,https://www.wikidata.org/wiki/P31
2HLB6GPC,0,1,https://www.wikidata.org/wiki/P31
2HLB6GPC,0,2,https://www.wikidata.org/wiki/P31
2HLB6GPC,0,3,https://www.wikidata.org/wiki/P31
S9M0XB1T,0,1,https://www.wikidata.org/wiki/P31
0OE5OCRQ,0,1,https://www.wikidata.org/wiki/P31
0N0NEYH9,0,1,https://www.wikidata.org/wiki/P31
C6M6STTW,0,1,https://www.wikidata.org/wiki/P31
8HCW66SV,0,1,https://www.wikidata.org/wiki/P31
DBWV925M,0,1,https://www.wikidata.org/wiki/P31
H5A66SZ7,0,1,https://www.wikidata.org/wiki/P31
G96COWDQ,0,1,https://www.wikidata.org/wiki/P31
E9S2AXFZ,0,1,https://www.wikidata.org/wiki/P31
5XPF2O4G,0,1,https://www.wikidata.org/wiki/P31
GX3ZN4A3,0,1,https://www.wikidata.org/wiki/P31
K46DPYIB,0,2,https://www.wikidata.org/wiki/P31
MFTU1853,0,1,https://www.wikidata.org/wiki/P31
MFTU1853,0,2,https://www.wikidata.org/wiki/P31
HL53SG54,0,1,https://www.wikidata.org/wiki/P31
HL53SG54,0,2,https://www.wikidata.org/wiki/P31
HL53SG54,0,3,https://www.wikidata.org/wiki/P31
61WOFTX6,0,1,https://www.wikidata.org/wiki/P31
61WOFTX6,0,2,https://www.wikidata.org/wiki/P31
61WOFTX6,0,3,https://www.wikidata.org/wiki/P31
XI7RJ4PA,0,1,https://www.wikidata.org/wiki/P31
XI7RJ4PA,0,3,https://www.wikidata.org/wiki/P31
UFH1N5TH,0,1,https://www.wikidata.org/wiki/P31
UFH1N5TH,0,2,https://www.wikidata.org/wiki/P31
UFH1N5TH,0,3,https://www.wikidata.org/wiki/P31
VTIZO9FK,0,1,https://www.wikidata.org/wiki/P31
VTIZO9FK,0,2,https://www.wikidata.org/wiki/P31
VTIZO9FK,0,3,https://www.wikidata.org/wiki/P31
X0DMFIRM,0,1,https://www.wikidata.org/wiki/P31
X0DMFIRM,0,2,https://www.wikidata.org/wiki/P31
X0DMFIRM,0,3,https://www.wikidata.org/wiki/P31
A68WEUOE,0,1,https://www.wikidata.org/wiki/P31
A68WEUOE,0,2,https://www.wikidata.org/wiki/P31
CPOKBQDE,0,1,https://www.wikidata.org/wiki/P31
OAD64AX3,0,1,https://www.wikidata.org/wiki/P31
JTL08N24,0,1,https://www.wikidata.org/wiki/P31
TGJI2CBF,0,1,https://www.wikidata.org/wiki/P31
4TKPDEVH,0,1,https://www.wikidata.org/wiki/P31
Y79LGQYI,0,1,https://www.wikidata.org/wiki/P31
GMPG5U6Q,0,1,https://www.wikidata.org/wiki/P31
P6XHF44S,0,1,https://www.wikidata.org/wiki/P31
QHZOX1IK,0,1,https://www.wikidata.org/wiki/P31
XIVETN6W,0,1,https://www.wikidata.org/wiki/P31
TQABF9IF,0,1,https://www.wikidata.org/wiki/P31
9UQIKBT3,0,1,https://www.wikidata.org/wiki/P31
DI8HJ3RS,0,1,https://www.wikidata.org/wiki/P31
WRHURQSI,0,1,https://www.wikidata.org/wiki/P31
FXMVMSWD,0,1,https://www.wikidata.org/wiki/P31
1MU06NLK,0,1,https://www.wikidata.org/wiki/P31
5AIDV3GV,0,1,https://www.wikidata.org/wiki/P31
B05RYX3W,0,1,https://www.wikidata.org/wiki/P31
4OH908JW,0,1,https://www.wikidata.org/wiki/P31
4OH908JW,0,2,https://www.wikidata.org/wiki/P31
NWSX5J2O,0,1,https://www.wikidata.org/wiki/P31
JQ42YIYZ,0,1,https://www.wikidata.org/wiki/P31
54INPBKD,0,1,https://www.wikidata.org/wiki/P31
4HBM3VWD,0,1,https://www.wikidata.org/wiki/P31
1XE9BS7D,0,1,https://www.wikidata.org/wiki/P31
QK5VP7SB,0,1,https://www.wikidata.org/wiki/P31
QK5VP7SB,0,2,https://www.wikidata.org/wiki/P31
QBO6LMOZ,0,1,https://www.wikidata.org/wiki/P31
QBO6LMOZ,0,2,https://www.wikidata.org/wiki/P31
T4RD9XIB,0,1,https://www.wikidata.org/wiki/P31
H0JV5J2R,0,1,https://www.wikidata.org/wiki/P31
MDT49NA1,0,1,https://www.wikidata.org/wiki/P31
OCIC690H,0,1,https://www.wikidata.org/wiki/P31
03ENJ6XM,0,1,https://www.wikidata.org/wiki/P31
03ENJ6XM,0,2,https://www.wikidata.org/wiki/P31
SM1MMG5N,0,1,https://www.wikidata.org/wiki/P31
SM1MMG5N,0,2,https://www.wikidata.org/wiki/P31
YZ9MV0AZ,0,1,https://www.wikidata.org/wiki/P31
YZ9MV0AZ,0,2,https://www.wikidata.org/wiki/P31
I4C27SYO,0,1,https://www.wikidata.org/wiki/P31
1NLZ9DZM,0,1,https://www.wikidata.org/wiki/P31
0ER7T81U,0,1,https://www.wikidata.org/wiki/P31
NGT7C6EO,0,1,https://www.wikidata.org/wiki/P31
43C8NJEG,0,1,https://www.wikidata.org/wiki/P31
SHDTWW9R,0,1,https://www.wikidata.org/wiki/P31
SHDTWW9R,0,2,https://www.wikidata.org/wiki/P31
SMAOJURT,0,1,https://www.wikidata.org/wiki/P31
7L2GF73Z,0,1,https://www.wikidata.org/wiki/P31
7L2GF73Z,0,2,https://www.wikidata.org/wiki/P31
7L2GF73Z,0,3,https://www.wikidata.org/wiki/P31
3Q8MYFHL,0,1,https://www.wikidata.org/wiki/P31
3Q8MYFHL,0,2,https://www.wikidata.org/wiki/P31
3Q8MYFHL,0,3,https://www.wikidata.org/wiki/P31
962JH6WA,0,1,https://www.wikidata.org/wiki/P31
962JH6WA,0,2,https://www.wikidata.org/wiki/P31
962JH6WA,0,3,https://www.wikidata.org/wiki/P31
1W08NBUM,0,1,https://www.wikidata.org/wiki/P31
1W08NBUM,0,2,https://www.wikidata.org/wiki/P31
1W08NBUM,0,3,https://www.wikidata.org/wiki/P31
6DF72Y56,0,1,https://www.wikidata.org/wiki/P31
6DF72Y56,0,2,https://www.wikidata.org/wiki/P31
TF3EDJKM,0,1,https://www.wikidata.org/wiki/P31
TF3EDJKM,0,2,https://www.wikidata.org/wiki/P31
YGSKQSKV,0,1,https://www.wikidata.org/wiki/P31
YGSKQSKV,0,2,https://www.wikidata.org/wiki/P31
P0V3VJRK,0,1,https://www.wikidata.org/wiki/P31
P0V3VJRK,0,2,https://www.wikidata.org/wiki/P31
E09Q6C5J,0,1,https://www.wikidata.org/wiki/P31
E09Q6C5J,0,2,https://www.wikidata.org/wiki/P31
08IZY6G9,0,1,https://www.wikidata.org/wiki/P31
08IZY6G9,0,2,https://www.wikidata.org/wiki/P31
80GKDTZA,0,1,https://www.wikidata.org/wiki/P31
QHNJPWT8,0,1,https://www.wikidata.org/wiki/P31
GXY8WPY5,0,1,https://www.wikidata.org/wiki/P31
TILH3J18,0,1,https://www.wikidata.org/wiki/P31
N86193YU,0,1,https://www.wikidata.org/wiki/P31
N86193YU,0,2,https://www.wikidata.org/wiki/P31
N86193YU,0,3,https://www.wikidata.org/wiki/P31
QATMMRDW,0,1,https://www.wikidata.org/wiki/P31
QATMMRDW,0,2,https://www.wikidata.org/wiki/P31
QATMMRDW,0,3,https://www.wikidata.org/wiki/P31
446GOT7F,0,1,https://www.wikidata.org/wiki/P31
RRR83TMS,0,1,https://www.wikidata.org/wiki/P31
VQHPBH3L,0,1,https://www.wikidata.org/wiki/P31
NA5XOTEC,0,1,https://www.wikidata.org/wiki/P31
6948Q4IG,0,1,https://www.wikidata.org/wiki/P31
TZ0KVLGN,0,1,https://www.wikidata.org/wiki/P31
5WYXNJYF,0,1,https://www.wikidata.org/wiki/P31
3EXEASJX,0,1,https://www.wikidata.org/wiki/P31
BSP2N0ZS,0,1,https://www.wikidata.org/wiki/P31
81CYA12T,0,1,https://www.wikidata.org/wiki/P31
2XTQDLHR,0,1,https://www.wikidata.org/wiki/P31
7RGNNRM8,0,1,https://www.wikidata.org/wiki/P31
E9Y8BTIG,0,1,https://www.wikidata.org/wiki/P31
0WPFA2SX,0,1,https://www.wikidata.org/wiki/P31
0WPFA2SX,0,2,https://www.wikidata.org/wiki/P31
0WPFA2SX,0,3,https://www.wikidata.org/wiki/P31
3YQSKSKG,0,1,https://www.wikidata.org/wiki/P31
3YQSKSKG,0,2,https://www.wikidata.org/wiki/P31
3YQSKSKG,0,3,https://www.wikidata.org/wiki/P31
Q54FVP7H,0,1,https://www.wikidata.org/wiki/P31
Q54FVP7H,0,2,https://www.wikidata.org/wiki/P31
Q54FVP7H,0,3,https://www.wikidata.org/wiki/P31
NWZUPFMR,0,1,https://www.wikidata.org/wiki/P31
NWZUPFMR,0,2,https://www.wikidata.org/wiki/P31
UJOB91TJ,0,1,https://www.wikidata.org/wiki/P31
UJOB91TJ,0,2,https://www.wikidata.org/wiki/P31
R7DP17P2,0,1,https://www.wikidata.org/wiki/P31
QYLNMSPA,0,1,https://www.wikidata.org/wiki/P31
3NS7HOL5,0,1,https://www.wikidata.org/wiki/P31
2D218JBS,0,1,https://www.wikidata.org/wiki/P31
ETVQ8X6O,0,1,https://www.wikidata.org/wiki/P31
ETVQ8X6O,0,2,https://www.wikidata.org/wiki/P31
ETVQ8X6O,0,3,https://www.wikidata.org/wiki/P31
ANW9BUYI,0,1,https://www.wikidata.org/wiki/P31
TOMJECG9,0,1,https://www.wikidata.org/wiki/P31
MMY4PX1A,0,1,https://www.wikidata.org/wiki/P31
F6XAG28O,0,1,https://www.wikidata.org/wiki/P31
EJG2P3L4,0,1,https://www.wikidata.org/wiki/P31
R26584X5,0,1,https://www.wikidata.org/wiki/P31
YK8GVYP2,0,1,https://www.wikidata.org/wiki/P31
YK8GVYP2,0,2,https://www.wikidata.org/wiki/P31
ZZB2QYQP,0,1,https://www.wikidata.org/wiki/P31
NPEM3U7S,0,1,https://www.wikidata.org/wiki/P31
WLP580UC,0,1,https://www.wikidata.org/wiki/P31
KOWHOL21,0,1,https://www.wikidata.org/wiki/P31
N779E772,0,1,https://www.wikidata.org/wiki/P31
N779E772,0,2,https://www.wikidata.org/wiki/P31
S5XLNQ57,0,1,https://www.wikidata.org/wiki/P31
S5XLNQ57,0,2,https://www.wikidata.org/wiki/P31
RMARQZFB,0,2,https://www.wikidata.org/wiki/P31
RMARQZFB,0,1,https://www.wikidata.org/wiki/P31
2F8S19XX,0,1,https://www.wikidata.org/wiki/P31
H2UUQL69,0,1,https://www.wikidata.org/wiki/P31
1FC2QYZ7,0,1,https://www.wikidata.org/wiki/P31
1FC2QYZ7,0,2,https://www.wikidata.org/wiki/P31
9321F058,0,1,https://www.wikidata.org/wiki/P31
9321F058,0,2,https://www.wikidata.org/wiki/P31
KVDZK26Z,0,1,https://www.wikidata.org/wiki/P31
KVDZK26Z,0,2,https://www.wikidata.org/wiki/P31
RQT6VSWL,0,1,https://www.wikidata.org/wiki/P31
9A0QQWD0,0,1,https://www.wikidata.org/wiki/P31
0WE6LMVO,0,1,https://www.wikidata.org/wiki/P31
GJDSU7RN,0,1,https://www.wikidata.org/wiki/P31
1Z7TZO5Y,0,1,https://www.wikidata.org/wiki/P31
B07H2S00,0,1,https://www.wikidata.org/wiki/P31
B07H2S00,0,2,https://www.wikidata.org/wiki/P31
E09TTM0S,0,1,https://www.wikidata.org/wiki/P31
E09TTM0S,0,2,https://www.wikidata.org/wiki/P31
JVJI5DXN,0,1,https://www.wikidata.org/wiki/P31
PU1AIRA5,0,1,https://www.wikidata.org/wiki/P31
H45KARXP,0,1,https://www.wikidata.org/wiki/P31
H45KARXP,0,2,https://www.wikidata.org/wiki/P31
9ZKAJHTS,0,1,https://www.wikidata.org/wiki/P31
9ZKAJHTS,0,2,https://www.wikidata.org/wiki/P31
9ZKAJHTS,0,3,https://www.wikidata.org/wiki/P31
L97DPSVD,0,1,https://www.wikidata.org/wiki/P31
L97DPSVD,0,2,https://www.wikidata.org/wiki/P31
UAOROB5E,0,1,https://www.wikidata.org/wiki/P31
UAOROB5E,0,2,https://www.wikidata.org/wiki/P31
WRGNL330,0,1,https://www.wikidata.org/wiki/P31
WRGNL330,0,2,https://www.wikidata.org/wiki/P31
QND1W2HI,0,1,https://www.wikidata.org/wiki/P31
Y8J2NFNG,0,1,https://www.wikidata.org/wiki/P31
E4I1HUIV,0,1,https://www.wikidata.org/wiki/P31
DYEE1FJP,0,1,https://www.wikidata.org/wiki/P31
YGAZSUVP,0,1,https://www.wikidata.org/wiki/P31
I9GL2O9A,0,1,https://www.wikidata.org/wiki/P31
A5NBGTVP,0,1,https://www.wikidata.org/wiki/P31
A5NBGTVP,0,2,https://www.wikidata.org/wiki/P31
I06QXLMR,0,1,https://www.wikidata.org/wiki/P31
I06QXLMR,0,2,https://www.wikidata.org/wiki/P31
48MXHK0Q,0,1,https://www.wikidata.org/wiki/P31
48MXHK0Q,0,2,https://www.wikidata.org/wiki/P31
2VVLNDA8,0,1,https://www.wikidata.org/wiki/P31
YX5E0PSR,0,1,https://www.wikidata.org/wiki/P31
8ZIB8A5D,0,1,https://www.wikidata.org/wiki/P31
J72PLOMB,0,1,https://www.wikidata.org/wiki/P31
R9OFLACE,0,1,https://www.wikidata.org/wiki/P31
OEJ65FJR,0,1,https://www.wikidata.org/wiki/P31
OEJ65FJR,0,2,https://www.wikidata.org/wiki/P31
F9PDY3NT,0,1,https://www.wikidata.org/wiki/P31
F9PDY3NT,0,2,https://www.wikidata.org/wiki/P31
FDDRMIJW,0,1,https://www.wikidata.org/wiki/P31
QTWJDF9A,0,1,https://www.wikidata.org/wiki/P31
CUB1T1SE,0,1,https://www.wikidata.org/wiki/P31
CUB1T1SE,0,2,https://www.wikidata.org/wiki/P31
6U27YPYQ,0,1,https://www.wikidata.org/wiki/P31
6U27YPYQ,0,2,https://www.wikidata.org/wiki/P31
JD0PEAP8,0,1,https://www.wikidata.org/wiki/P31
JD0PEAP8,0,2,https://www.wikidata.org/wiki/P31
I6SHSS2W,0,1,https://www.wikidata.org/wiki/P31
I6SHSS2W,0,2,https://www.wikidata.org/wiki/P31
A3T8J4JN,0,1,https://www.wikidata.org/wiki/P31
CHIL5EXL,0,1,https://www.wikidata.org/wiki/P31
3LRK5GZX,0,1,https://www.wikidata.org/wiki/P31
W0IZ8E7K,0,1,https://www.wikidata.org/wiki/P31
J73EJIMZ,0,1,https://www.wikidata.org/wiki/P31
TI5IPBRL,0,1,https://www.wikidata.org/wiki/P31
CEO4JAFH,0,1,https://www.wikidata.org/wiki/P31
1RLHV3VU,0,1,https://www.wikidata.org/wiki/P31
J2JPNYWQ,0,1,https://www.wikidata.org/wiki/P31
J2JPNYWQ,0,2,https://www.wikidata.org/wiki/P31
7OYIKQX1,0,1,https://www.wikidata.org/wiki/P31
7OYIKQX1,0,2,https://www.wikidata.org/wiki/P31
QH5IUOVU,0,1,https://www.wikidata.org/wiki/P31
QUUOFFR0,0,1,https://www.wikidata.org/wiki/P31
QUUOFFR0,0,2,https://www.wikidata.org/wiki/P31
QUUOFFR0,0,3,https://www.wikidata.org/wiki/P31
SWQAOYXE,0,1,https://www.wikidata.org/wiki/P31
44WXF9VM,0,1,https://www.wikidata.org/wiki/P31
WZA5RZ2B,0,1,https://www.wikidata.org/wiki/P31
TIWCUA8K,0,1,https://www.wikidata.org/wiki/P31
TIWCUA8K,0,2,https://www.wikidata.org/wiki/P31
92I4Z1QN,0,1,https://www.wikidata.org/wiki/P31
92I4Z1QN,0,2,https://www.wikidata.org/wiki/P31
SMD4H2MW,0,1,https://www.wikidata.org/wiki/P31
SMD4H2MW,0,2,https://www.wikidata.org/wiki/P31
SMD4H2MW,0,3,https://www.wikidata.org/wiki/P31
YPRQXY29,0,1,https://www.wikidata.org/wiki/P31
YPRQXY29,0,2,https://www.wikidata.org/wiki/P31
YPRQXY29,0,3,https://www.wikidata.org/wiki/P31
1ZBSGT5O,0,1,https://www.wikidata.org/wiki/P31
1ZBSGT5O,0,2,https://www.wikidata.org/wiki/P31
EPSFXFTE,0,1,https://www.wikidata.org/wiki/P31
EPSFXFTE,0,2,https://www.wikidata.org/wiki/P31
L1Q78UMR,0,1,https://www.wikidata.org/wiki/P31
PIJGEG7D,0,1,https://www.wikidata.org/wiki/P31
5MRPQDGZ,0,1,https://www.wikidata.org/wiki/P31
DFSKIYXV,0,1,https://www.wikidata.org/wiki/P31
RYBXAGU6,0,1,https://www.wikidata.org/wiki/P31
ECHAM69R,0,2,https://www.wikidata.org/wiki/P31
ECHAM69R,0,1,https://www.wikidata.org/wiki/P31
EL0800WW,0,1,https://www.wikidata.org/wiki/P31
3F3A8IY2,0,1,https://www.wikidata.org/wiki/P31
7IVPG1D4,0,1,https://www.wikidata.org/wiki/P31
8CMLNIWC,0,1,https://www.wikidata.org/wiki/P31
LUSMCQP7,0,1,https://www.wikidata.org/wiki/P31
ND8YJG7R,0,1,https://www.wikidata.org/wiki/P31
QCQX1JPG,0,1,https://www.wikidata.org/wiki/P31
QCQX1JPG,0,2,https://www.wikidata.org/wiki/P31
AUJV2CV3,0,1,https://www.wikidata.org/wiki/P31
15MW7OIW,0,1,https://www.wikidata.org/wiki/P31
S0QLRT8Z,0,1,https://www.wikidata.org/wiki/P31
1Q9AQVZ4,0,1,https://www.wikidata.org/wiki/P31
1Q9AQVZ4,0,2,https://www.wikidata.org/wiki/P31
DX5AS6T4,0,1,https://www.wikidata.org/wiki/P31
6KJ5X8V6,0,1,https://www.wikidata.org/wiki/P31
KLD75FBA,0,1,https://www.wikidata.org/wiki/P31
RDIFGKUW,0,1,https://www.wikidata.org/wiki/P31
FJJHB85J,0,2,https://www.wikidata.org/wiki/P31
FJJHB85J,0,1,https://www.wikidata.org/wiki/P31
JOKTLOQL,0,2,https://www.wikidata.org/wiki/P31
JOKTLOQL,0,1,https://www.wikidata.org/wiki/P31
NYGNP7RK,0,2,https://www.wikidata.org/wiki/P31
NYGNP7RK,0,1,https://www.wikidata.org/wiki/P31
H891V9L6,0,1,https://www.wikidata.org/wiki/P31
MCYL241A,0,1,https://www.wikidata.org/wiki/P31
AMTEIF56,0,1,https://www.wikidata.org/wiki/P31
